Timestamp,HeartRate
2025-01-01 00:00:00,69.57592000894758
2025-01-01 00:15:00,72.45592431072538
2025-01-01 00:30:00,69.45046137059555
2025-01-01 00:45:00,68.64351275700129
2025-01-01 01:00:00,72.8915884011366
2025-01-01 01:15:00,69.4363800683467
2025-01-01 01:30:00,71.4882828018569
2025-01-01 01:45:00,68.08443176737721
2025-01-01 02:00:00,69.74113537043152
2025-01-01 02:15:00,72.0092421240058
2025-01-01 02:30:00,73.80110858936806
2025-01-01 02:45:00,70.63076815842663
2025-01-01 03:00:00,72.49839850659424
2025-01-01 03:15:00,71.29074035851676
2025-01-01 03:30:00,74.27649069147779
2025-01-01 03:45:00,70.54845486905671
2025-01-01 04:00:00,72.73926522844415
2025-01-01 04:15:00,73.34873731921414
2025-01-01 04:30:00,74.64711036282134
2025-01-01 04:45:00,74.9119911898871
2025-01-01 05:00:00,75.7809321741509
2025-01-01 05:15:00,72.29940001581635
2025-01-01 05:30:00,75.38508160169346
2025-01-01 05:45:00,74.91395397383299
2025-01-01 06:00:00,74.27030758419912
2025-01-01 06:15:00,73.95429126511306
2025-01-01 06:30:00,74.92214465173119
2025-01-01 06:45:00,75.69497860656459
2025-01-01 07:00:00,81.4606352391873
2025-01-01 07:15:00,76.13321837107131
2025-01-01 07:30:00,73.07470613047958
2025-01-01 07:45:00,78.30021417781327
2025-01-01 08:00:00,76.29989338650296
2025-01-01 08:15:00,78.64799027857818
2025-01-01 08:30:00,79.43857348012367
2025-01-01 08:45:00,79.03991838162149
2025-01-01 09:00:00,76.98010931425333
2025-01-01 09:15:00,78.1251813526301
2025-01-01 09:30:00,78.2573374811837
2025-01-01 09:45:00,81.52355662473326
2025-01-01 10:00:00,78.6744156308018
2025-01-01 10:15:00,80.40191525019743
2025-01-01 10:30:00,80.87863834964529
2025-01-01 10:45:00,78.63709753131302
2025-01-01 11:00:00,79.44029369149374
2025-01-01 11:15:00,78.853319321491
2025-01-01 11:30:00,80.79494430959832
2025-01-01 11:45:00,82.14612005293617
2025-01-01 12:00:00,80.56775625392633
2025-01-01 12:15:00,81.45493832472836
2025-01-01 12:30:00,80.87323795588358
2025-01-01 12:45:00,78.74448855524645
2025-01-01 13:00:00,79.09476080263032
2025-01-01 13:15:00,77.22654814345839
2025-01-01 13:30:00,79.95197051749352
2025-01-01 13:45:00,79.8869620405187
2025-01-01 14:00:00,80.05547183780457
2025-01-01 14:15:00,79.37640285703867
2025-01-01 14:30:00,78.89795442111149
2025-01-01 14:45:00,79.26049822612939
2025-01-01 15:00:00,79.12261032892404
2025-01-01 15:15:00,78.69321581839797
2025-01-01 15:30:00,77.33580540902611
2025-01-01 15:45:00,74.00744066351984
2025-01-01 16:00:00,77.39229713545602
2025-01-01 16:15:00,78.47392224828593
2025-01-01 16:30:00,77.97488433898648
2025-01-01 16:45:00,79.96049101504856
2025-01-01 17:00:00,79.63826767003833
2025-01-01 17:15:00,74.90983070134784
2025-01-01 17:30:00,75.33356726472105
2025-01-01 17:45:00,74.4190772621927
2025-01-01 18:00:00,77.25834699243616
2025-01-01 18:15:00,75.801573469848
2025-01-01 18:30:00,72.267634770835
2025-01-01 18:45:00,76.03190298562268
2025-01-01 19:00:00,75.9006606624249
2025-01-01 19:15:00,75.35890275123363
2025-01-01 19:30:00,72.26545463705021
2025-01-01 19:45:00,71.90375524973211
2025-01-01 20:00:00,72.43946576007129
2025-01-01 20:15:00,71.50931141702556
2025-01-01 20:30:00,71.49518137241
2025-01-01 20:45:00,69.75338256338006
2025-01-01 21:00:00,69.75314142682288
2025-01-01 21:15:00,68.14309117275366
2025-01-01 21:30:00,72.00423002186986
2025-01-01 21:45:00,68.61782284979395
2025-01-01 22:00:00,71.27607216966331
2025-01-01 22:15:00,67.402029595168
2025-01-01 22:30:00,69.59600008495411
2025-01-01 22:45:00,69.22768058324984
2025-01-01 23:00:00,69.87968210337586
2025-01-01 23:15:00,69.6312959841083
2025-01-01 23:30:00,71.17335027990659
2025-01-01 23:45:00,68.22897395659702
2025-01-02 00:00:00,68.31530451599973
2025-01-02 00:15:00,70.03193127751813
2025-01-02 00:30:00,68.77219085392716
2025-01-02 00:45:00,69.30133687095929
2025-01-02 01:00:00,61.68700379014521
2025-01-02 01:15:00,72.63485181393467
2025-01-02 01:30:00,70.0508006742101
2025-01-02 01:45:00,69.15935971857806
2025-01-02 02:00:00,70.04962041248154
2025-01-02 02:15:00,69.63905093084973
2025-01-02 02:30:00,68.89605254288217
2025-01-02 02:45:00,73.8967663722141
2025-01-02 03:00:00,72.04506432548895
2025-01-02 03:15:00,70.38206412452762
2025-01-02 03:30:00,69.98117563064328
2025-01-02 03:45:00,71.15086544120503
2025-01-02 04:00:00,72.42502272416971
2025-01-02 04:15:00,71.32478674199912
2025-01-02 04:30:00,73.90176029415578
2025-01-02 04:45:00,73.02217256973668
2025-01-02 05:00:00,75.14646472167475
2025-01-02 05:15:00,74.31153883654744
2025-01-02 05:30:00,73.09274139332098
2025-01-02 05:45:00,77.2400218253381
2025-01-02 06:00:00,74.5092008318155
2025-01-02 06:15:00,75.01307287870145
2025-01-02 06:30:00,73.1346667044727
2025-01-02 06:45:00,73.83669115576866
2025-01-02 07:00:00,75.73114156488477
2025-01-02 07:15:00,77.80282762314015
2025-01-02 07:30:00,78.01595158033204
2025-01-02 07:45:00,75.40026913235907
2025-01-02 08:00:00,77.01051001640656
2025-01-02 08:15:00,77.21270154545729
2025-01-02 08:30:00,79.98903687443182
2025-01-02 08:45:00,80.28745021816916
2025-01-02 09:00:00,76.96283229703033
2025-01-02 09:15:00,78.64933818084114
2025-01-02 09:30:00,81.02195365590809
2025-01-02 09:45:00,78.00743814099071
2025-01-02 10:00:00,79.46174741504993
2025-01-02 10:15:00,77.27042541349041
2025-01-02 10:30:00,79.11252361830573
2025-01-02 10:45:00,78.6588813984489
2025-01-02 11:00:00,82.03756489474902
2025-01-02 11:15:00,79.33782676049007
2025-01-02 11:30:00,77.74439450796174
2025-01-02 11:45:00,82.37729356419872
2025-01-02 12:00:00,80.97701596409244
2025-01-02 12:15:00,79.34461686578733
2025-01-02 12:30:00,80.22958636637075
2025-01-02 12:45:00,80.2611419382651
2025-01-02 13:00:00,77.16671150262889
2025-01-02 13:15:00,77.56241521581902
2025-01-02 13:30:00,77.63215246176318
2025-01-02 13:45:00,78.25677028893838
2025-01-02 14:00:00,82.33593940056072
2025-01-02 14:15:00,79.18193797437826
2025-01-02 14:30:00,78.01689387448195
2025-01-02 14:45:00,81.69320880273335
2025-01-02 15:00:00,78.01287438134803
2025-01-02 15:15:00,78.46130780689637
2025-01-02 15:30:00,75.99138737074331
2025-01-02 15:45:00,75.97674970610265
2025-01-02 16:00:00,78.0365927803596
2025-01-02 16:15:00,81.70474261550969
2025-01-02 16:30:00,79.19715615320966
2025-01-02 16:45:00,74.7268923456877
2025-01-02 17:00:00,76.5457255644653
2025-01-02 17:15:00,77.20958353368054
2025-01-02 17:30:00,75.24485027393428
2025-01-02 17:45:00,74.41169755982327
2025-01-02 18:00:00,76.88441781961622
2025-01-02 18:15:00,72.3137930822267
2025-01-02 18:30:00,72.48365778112542
2025-01-02 18:45:00,72.84226975414687
2025-01-02 19:00:00,73.15110685783486
2025-01-02 19:15:00,73.56518724042776
2025-01-02 19:30:00,71.42063808283392
2025-01-02 19:45:00,72.31722161302135
2025-01-02 20:00:00,73.12760737659605
2025-01-02 20:15:00,75.08932055829555
2025-01-02 20:30:00,70.55923990244936
2025-01-02 20:45:00,70.64662135874623
2025-01-02 21:00:00,71.69626514425184
2025-01-02 21:15:00,72.7976465323453
2025-01-02 21:30:00,69.02001770690264
2025-01-02 21:45:00,67.76904287255881
2025-01-02 22:00:00,68.36501473225472
2025-01-02 22:15:00,70.63273568872685
2025-01-02 22:30:00,69.0164743327726
2025-01-02 22:45:00,72.37119007809393
2025-01-02 23:00:00,69.77164289028215
2025-01-02 23:15:00,70.82766395427365
2025-01-02 23:30:00,69.60802733140227
2025-01-02 23:45:00,71.91742816334038
2025-01-03 00:00:00,71.39436861949967
2025-01-03 00:15:00,71.54146461598886
2025-01-03 00:30:00,71.0490138321936
2025-01-03 00:45:00,71.7142288862151
2025-01-03 01:00:00,70.97046565478934
2025-01-03 01:15:00,71.4248931012248
2025-01-03 01:30:00,72.00137034020032
2025-01-03 01:45:00,72.01674211375953
2025-01-03 02:00:00,70.74702949985921
2025-01-03 02:15:00,69.5273062186412
2025-01-03 02:30:00,72.5157456457994
2025-01-03 02:45:00,70.50163060481245
2025-01-03 03:00:00,69.94081306980006
2025-01-03 03:15:00,70.42228988580122
2025-01-03 03:30:00,70.87977114452903
2025-01-03 03:45:00,70.20220151876694
2025-01-03 04:00:00,71.07063095820575
2025-01-03 04:15:00,71.25687026671288
2025-01-03 04:30:00,73.6720214590735
2025-01-03 04:45:00,73.8822131140976
2025-01-03 05:00:00,72.9589014445279
2025-01-03 05:15:00,72.90727785567572
2025-01-03 05:30:00,74.76969915434009
2025-01-03 05:45:00,73.67526468068685
2025-01-03 06:00:00,72.13686233975027
2025-01-03 06:15:00,73.49381729902149
2025-01-03 06:30:00,73.40300402147616
2025-01-03 06:45:00,78.09079321011863
2025-01-03 07:00:00,76.72045523490571
2025-01-03 07:15:00,76.61234943220131
2025-01-03 07:30:00,75.97906545083478
2025-01-03 07:45:00,77.21733101130947
2025-01-03 08:00:00,78.43442013025798
2025-01-03 08:15:00,78.83301066834578
2025-01-03 08:30:00,77.20300847285952
2025-01-03 08:45:00,77.90717562907089
2025-01-03 09:00:00,76.03162343313247
2025-01-03 09:15:00,77.85224564231002
2025-01-03 09:30:00,79.50117565194608
2025-01-03 09:45:00,81.71863359739294
2025-01-03 10:00:00,77.89093914969196
2025-01-03 10:15:00,79.11230637170341
2025-01-03 10:30:00,79.59907697597725
2025-01-03 10:45:00,79.43775690520303
2025-01-03 11:00:00,79.07757928621146
2025-01-03 11:15:00,79.13085224995434
2025-01-03 11:30:00,81.90145253453213
2025-01-03 11:45:00,80.03342931505769
2025-01-03 12:00:00,80.60621143751267
2025-01-03 12:15:00,78.56905935906805
2025-01-03 12:30:00,80.67396831994401
2025-01-03 12:45:00,81.1695196596727
2025-01-03 13:00:00,80.73872840080581
2025-01-03 13:15:00,76.82867137506666
2025-01-03 13:30:00,80.9359137636382
2025-01-03 13:45:00,82.36993564083224
2025-01-03 14:00:00,77.77496843312247
2025-01-03 14:15:00,78.59784759751311
2025-01-03 14:30:00,77.71025671121677
2025-01-03 14:45:00,78.91548719374829
2025-01-03 15:00:00,78.70759437127008
2025-01-03 15:15:00,77.97109507825128
2025-01-03 15:30:00,80.03822646613855
2025-01-03 15:45:00,79.48636287803892
2025-01-03 16:00:00,77.32611220982768
2025-01-03 16:15:00,78.11523552489734
2025-01-03 16:30:00,77.06430711194447
2025-01-03 16:45:00,77.56356067972196
2025-01-03 17:00:00,78.0912898331592
2025-01-03 17:15:00,75.20001908862123
2025-01-03 17:30:00,77.23558528497414
2025-01-03 17:45:00,76.02343683459718
2025-01-03 18:00:00,74.58194116443737
2025-01-03 18:15:00,76.45329703047551
2025-01-03 18:30:00,73.62950575251779
2025-01-03 18:45:00,72.65834746263687
2025-01-03 19:00:00,73.30723102163333
2025-01-03 19:15:00,72.31248539332609
2025-01-03 19:30:00,73.7026606016129
2025-01-03 19:45:00,74.45405661086436
2025-01-03 20:00:00,73.92904679687639
2025-01-03 20:15:00,70.93494358540312
2025-01-03 20:30:00,71.68442865552858
2025-01-03 20:45:00,70.7129901654492
2025-01-03 21:00:00,71.63176598841434
2025-01-03 21:15:00,71.13300986779137
2025-01-03 21:30:00,74.7274553730996
2025-01-03 21:45:00,70.04383977413997
2025-01-03 22:00:00,73.04797925790515
2025-01-03 22:15:00,71.88887885410004
2025-01-03 22:30:00,71.596536473193
2025-01-03 22:45:00,70.7291662469238
2025-01-03 23:00:00,71.60820738840484
2025-01-03 23:15:00,70.27897155260493
2025-01-03 23:30:00,68.15467264499168
2025-01-03 23:45:00,69.3125522265431
2025-01-04 00:00:00,70.59218749942809
2025-01-04 00:15:00,69.68553848018276
2025-01-04 00:30:00,66.14983455537238
2025-01-04 00:45:00,69.52046949530984
2025-01-04 01:00:00,71.30438984473243
2025-01-04 01:15:00,67.57546698843704
2025-01-04 01:30:00,71.38791475891622
2025-01-04 01:45:00,71.95788217869054
2025-01-04 02:00:00,72.11543881114962
2025-01-04 02:15:00,70.33842964276998
2025-01-04 02:30:00,68.39705468779687
2025-01-04 02:45:00,72.76016313226513
2025-01-04 03:00:00,71.06829479456775
2025-01-04 03:15:00,69.01648324209967
2025-01-04 03:30:00,70.99387398940085
2025-01-04 03:45:00,72.07027875489791
2025-01-04 04:00:00,71.59091091527979
2025-01-04 04:15:00,72.39105749492833
2025-01-04 04:30:00,72.41431168847954
2025-01-04 04:45:00,71.30177295359681
2025-01-04 05:00:00,74.82565279850209
2025-01-04 05:15:00,73.50070836244433
2025-01-04 05:30:00,72.83219965305442
2025-01-04 05:45:00,74.41643835306667
2025-01-04 06:00:00,74.24219882062721
2025-01-04 06:15:00,70.85448758961002
2025-01-04 06:30:00,78.38411107256385
2025-01-04 06:45:00,76.43226434383628
2025-01-04 07:00:00,74.79953031795283
2025-01-04 07:15:00,76.56520408054234
2025-01-04 07:30:00,77.41242629682195
2025-01-04 07:45:00,75.94551880609654
2025-01-04 08:00:00,78.49436628694146
2025-01-04 08:15:00,76.21426265944575
2025-01-04 08:30:00,77.47379566154822
2025-01-04 08:45:00,78.2536764929802
2025-01-04 09:00:00,77.16492050251556
2025-01-04 09:15:00,77.07144249240478
2025-01-04 09:30:00,77.26107693320417
2025-01-04 09:45:00,80.58527860031141
2025-01-04 10:00:00,78.01078432547331
2025-01-04 10:15:00,78.88566457937121
2025-01-04 10:30:00,78.59270968755382
2025-01-04 10:45:00,79.26626754534784
2025-01-04 11:00:00,80.13381838812184
2025-01-04 11:15:00,78.86013269125631
2025-01-04 11:30:00,79.55996052309222
2025-01-04 11:45:00,81.22360820151148
2025-01-04 12:00:00,79.32466832903653
2025-01-04 12:15:00,81.51171082064175
2025-01-04 12:30:00,80.57398410024786
2025-01-04 12:45:00,78.56712092168895
2025-01-04 13:00:00,79.56966040506292
2025-01-04 13:15:00,77.32061729493584
2025-01-04 13:30:00,80.81327902714871
2025-01-04 13:45:00,79.389958960105
2025-01-04 14:00:00,79.22789867417508
2025-01-04 14:15:00,82.20388476262113
2025-01-04 14:30:00,81.97318883263034
2025-01-04 14:45:00,82.04255467233207
2025-01-04 15:00:00,78.48270140292863
2025-01-04 15:15:00,78.76207244030995
2025-01-04 15:30:00,75.8660179223591
2025-01-04 15:45:00,82.0047107781838
2025-01-04 16:00:00,74.93811920549027
2025-01-04 16:15:00,77.76934000727469
2025-01-04 16:30:00,77.54251858007636
2025-01-04 16:45:00,80.18266626350932
2025-01-04 17:00:00,76.94538283835048
2025-01-04 17:15:00,75.04360946422739
2025-01-04 17:30:00,76.3840498736588
2025-01-04 17:45:00,75.42840554552286
2025-01-04 18:00:00,76.72355388422866
2025-01-04 18:15:00,73.40019168613203
2025-01-04 18:30:00,75.30678849848458
2025-01-04 18:45:00,73.40285126084703
2025-01-04 19:00:00,72.78846974072178
2025-01-04 19:15:00,73.85654540646794
2025-01-04 19:30:00,71.46094626210902
2025-01-04 19:45:00,75.70397632139598
2025-01-04 20:00:00,72.48334898960015
2025-01-04 20:15:00,71.88715393935048
2025-01-04 20:30:00,73.22079943638687
2025-01-04 20:45:00,72.07251898455897
2025-01-04 21:00:00,72.75294226525787
2025-01-04 21:15:00,71.67675099881582
2025-01-04 21:30:00,72.25030492730612
2025-01-04 21:45:00,67.77275496048686
2025-01-04 22:00:00,71.03575879416
2025-01-04 22:15:00,70.83379997575574
2025-01-04 22:30:00,69.4032278889356
2025-01-04 22:45:00,68.70601784152684
2025-01-04 23:00:00,69.54956490713812
2025-01-04 23:15:00,71.46920716193877
2025-01-04 23:30:00,68.95219954350918
2025-01-04 23:45:00,68.55599845417883
2025-01-05 00:00:00,71.36786303456398
2025-01-05 00:15:00,69.1066731104299
2025-01-05 00:30:00,69.36338327166301
2025-01-05 00:45:00,69.4451360423508
2025-01-05 01:00:00,72.53090988975262
2025-01-05 01:15:00,70.66995673330858
2025-01-05 01:30:00,71.81917689473255
2025-01-05 01:45:00,70.93101731703271
2025-01-05 02:00:00,69.97797844489234
2025-01-05 02:15:00,73.15069410426281
2025-01-05 02:30:00,72.65548533105695
2025-01-05 02:45:00,69.52413444961974
2025-01-05 03:00:00,72.05637968357546
2025-01-05 03:15:00,71.86935422818469
2025-01-05 03:30:00,69.40757042726041
2025-01-05 03:45:00,72.51768128324659
2025-01-05 04:00:00,70.83985613331849
2025-01-05 04:15:00,72.22200222771276
2025-01-05 04:30:00,71.6570439366639
2025-01-05 04:45:00,73.2507256050338
2025-01-05 05:00:00,75.40536953605992
2025-01-05 05:15:00,73.77394193598123
2025-01-05 05:30:00,74.70018706202619
2025-01-05 05:45:00,74.63972476025025
2025-01-05 06:00:00,75.87248084409224
2025-01-05 06:15:00,75.90636263072037
2025-01-05 06:30:00,75.52047183655141
2025-01-05 06:45:00,76.59846389117844
2025-01-05 07:00:00,73.74797200303
2025-01-05 07:15:00,76.89857795382612
2025-01-05 07:30:00,76.25435405251662
2025-01-05 07:45:00,75.09498372977743
2025-01-05 08:00:00,76.99314098936185
2025-01-05 08:15:00,76.82837066562182
2025-01-05 08:30:00,80.26800208389412
2025-01-05 08:45:00,77.76676247904676
2025-01-05 09:00:00,76.83444936195605
2025-01-05 09:15:00,78.2234757490014
2025-01-05 09:30:00,78.32588698708541
2025-01-05 09:45:00,77.4958820155436
2025-01-05 10:00:00,77.9814430292375
2025-01-05 10:15:00,78.73630781958236
2025-01-05 10:30:00,82.12461064260408
2025-01-05 10:45:00,77.23372145431816
2025-01-05 11:00:00,77.11350122172605
2025-01-05 11:15:00,79.40509025641165
2025-01-05 11:30:00,82.68475633643729
2025-01-05 11:45:00,80.45206105267901
2025-01-05 12:00:00,83.07705896753542
2025-01-05 12:15:00,80.9331874091492
2025-01-05 12:30:00,81.01202385452851
2025-01-05 12:45:00,80.5047020186303
2025-01-05 13:00:00,80.24852671055204
2025-01-05 13:15:00,80.94388756884642
2025-01-05 13:30:00,79.60645779223667
2025-01-05 13:45:00,79.73441675505717
2025-01-05 14:00:00,77.61561359500485
2025-01-05 14:15:00,80.3675986692722
2025-01-05 14:30:00,78.87590220597768
2025-01-05 14:45:00,80.41541173215614
2025-01-05 15:00:00,77.81097141780461
2025-01-05 15:15:00,77.60672650017712
2025-01-05 15:30:00,78.44644315199433
2025-01-05 15:45:00,80.49297322247678
2025-01-05 16:00:00,77.42705733886727
2025-01-05 16:15:00,79.67358704689137
2025-01-05 16:30:00,79.0292205669618
2025-01-05 16:45:00,76.73928543735077
2025-01-05 17:00:00,77.83542330219345
2025-01-05 17:15:00,78.4223637279739
2025-01-05 17:30:00,78.47838517254571
2025-01-05 17:45:00,78.5579779502423
2025-01-05 18:00:00,75.08591238022055
2025-01-05 18:15:00,74.2283316747739
2025-01-05 18:30:00,74.85776062324729
2025-01-05 18:45:00,74.86391742542266
2025-01-05 19:00:00,76.0753571009491
2025-01-05 19:15:00,75.49952510821464
2025-01-05 19:30:00,75.0821172124587
2025-01-05 19:45:00,74.03598112559696
2025-01-05 20:00:00,74.47037543915576
2025-01-05 20:15:00,70.04356842439795
2025-01-05 20:30:00,71.46193093623957
2025-01-05 20:45:00,71.24356664664687
2025-01-05 21:00:00,72.33014903663341
2025-01-05 21:15:00,74.55353159504878
2025-01-05 21:30:00,72.23447831975541
2025-01-05 21:45:00,72.47620560827004
2025-01-05 22:00:00,70.67846830003528
2025-01-05 22:15:00,70.45657932647167
2025-01-05 22:30:00,70.09945340893206
2025-01-05 22:45:00,73.47798115436127
2025-01-05 23:00:00,70.26313214124494
2025-01-05 23:15:00,70.62587694378114
2025-01-05 23:30:00,71.6693918361572
2025-01-05 23:45:00,69.20437195901131
2025-01-06 00:00:00,69.28785948410041
2025-01-06 00:15:00,70.99107998889913
2025-01-06 00:30:00,69.5163334359028
2025-01-06 00:45:00,69.63613802474329
2025-01-06 01:00:00,70.14179614743264
2025-01-06 01:15:00,68.32984192028734
2025-01-06 01:30:00,72.29386356821709
2025-01-06 01:45:00,71.06152809844984
2025-01-06 02:00:00,68.1851502940264
2025-01-06 02:15:00,69.58352487793073
2025-01-06 02:30:00,70.75969423057599
2025-01-06 02:45:00,71.40735985202899
2025-01-06 03:00:00,69.55064301656252
2025-01-06 03:15:00,73.19755232775225
2025-01-06 03:30:00,70.05574313691228
2025-01-06 03:45:00,69.73761225915982
2025-01-06 04:00:00,72.54183404059407
2025-01-06 04:15:00,71.58238278758417
2025-01-06 04:30:00,71.65106243409811
2025-01-06 04:45:00,76.486988901832
2025-01-06 05:00:00,88.41429488502271
2025-01-06 05:15:00,73.26149671139358
2025-01-06 05:30:00,73.16932997322148
2025-01-06 05:45:00,73.6979371383732
2025-01-06 06:00:00,73.63324357529464
2025-01-06 06:15:00,72.28076280914746
2025-01-06 06:30:00,72.1175849748666
2025-01-06 06:45:00,78.46826187692074
2025-01-06 07:00:00,74.93864192346442
2025-01-06 07:15:00,75.8691009947483
2025-01-06 07:30:00,78.25943994532547
2025-01-06 07:45:00,77.55895671433672
2025-01-06 08:00:00,78.24035936138125
2025-01-06 08:15:00,78.41739152151007
2025-01-06 08:30:00,77.26037493253348
2025-01-06 08:45:00,78.27534870528046
2025-01-06 09:00:00,76.47454413086595
2025-01-06 09:15:00,80.76844298256786
2025-01-06 09:30:00,78.41390968008307
2025-01-06 09:45:00,78.90303704435827
2025-01-06 10:00:00,78.1567635286004
2025-01-06 10:15:00,76.80827101594512
2025-01-06 10:30:00,80.61428321117528
2025-01-06 10:45:00,79.53024366116541
2025-01-06 11:00:00,77.38834105244828
2025-01-06 11:15:00,78.34823555081665
2025-01-06 11:30:00,78.24641527055635
2025-01-06 11:45:00,80.5127864009348
2025-01-06 12:00:00,80.90937468418367
2025-01-06 12:15:00,79.36668741593637
2025-01-06 12:30:00,80.16226257602386
2025-01-06 12:45:00,81.02258264785152
2025-01-06 13:00:00,78.52716602923425
2025-01-06 13:15:00,79.61095840852505
2025-01-06 13:30:00,80.89015627169854
2025-01-06 13:45:00,78.70248594794481
2025-01-06 14:00:00,81.24708753110785
2025-01-06 14:15:00,81.5321408872953
2025-01-06 14:30:00,77.74604912830968
2025-01-06 14:45:00,80.14552673859154
2025-01-06 15:00:00,79.5671240364016
2025-01-06 15:15:00,76.04997250819987
2025-01-06 15:30:00,77.40061543613912
2025-01-06 15:45:00,75.80210745540825
2025-01-06 16:00:00,79.15668011762502
2025-01-06 16:15:00,79.68055128363342
2025-01-06 16:30:00,77.55332660933371
2025-01-06 16:45:00,76.05097207921912
2025-01-06 17:00:00,75.35319060644366
2025-01-06 17:15:00,79.79438915079004
2025-01-06 17:30:00,76.0999477078272
2025-01-06 17:45:00,75.39981112497078
2025-01-06 18:00:00,77.34819112614481
2025-01-06 18:15:00,75.0186345434508
2025-01-06 18:30:00,76.07996236001055
2025-01-06 18:45:00,74.82538586468407
2025-01-06 19:00:00,75.99543017483464
2025-01-06 19:15:00,74.68326498142365
2025-01-06 19:30:00,73.43970419180971
2025-01-06 19:45:00,72.30110633606347
2025-01-06 20:00:00,72.69168144305479
2025-01-06 20:15:00,73.09247404411481
2025-01-06 20:30:00,75.2181605699191
2025-01-06 20:45:00,73.16583920138841
2025-01-06 21:00:00,71.46632879456298
2025-01-06 21:15:00,72.08916493532722
2025-01-06 21:30:00,74.1180192565442
2025-01-06 21:45:00,70.99772728017304
2025-01-06 22:00:00,68.98678695837188
2025-01-06 22:15:00,73.39447435822363
2025-01-06 22:30:00,72.00491719967584
2025-01-06 22:45:00,72.23152620209194
2025-01-06 23:00:00,71.47867929060378
2025-01-06 23:15:00,71.08599904726275
2025-01-06 23:30:00,69.06610734507393
2025-01-06 23:45:00,69.40358379637641
2025-01-07 00:00:00,71.13034001567702
2025-01-07 00:15:00,68.25661348933278
2025-01-07 00:30:00,71.3319748736661
2025-01-07 00:45:00,71.88734866761988
2025-01-07 01:00:00,67.4500813845771
2025-01-07 01:15:00,69.58772722321069
2025-01-07 01:30:00,70.83076674105587
2025-01-07 01:45:00,72.61808152979835
2025-01-07 02:00:00,68.94253045981492
2025-01-07 02:15:00,68.57305879683229
2025-01-07 02:30:00,68.90779584408621
2025-01-07 02:45:00,69.533077558344
2025-01-07 03:00:00,67.36285238238003
2025-01-07 03:15:00,70.83869697156368
2025-01-07 03:30:00,68.07423880582063
2025-01-07 03:45:00,71.43436752061358
2025-01-07 04:00:00,71.3031000327066
2025-01-07 04:15:00,71.76401448946939
2025-01-07 04:30:00,71.84775456628671
2025-01-07 04:45:00,73.43869394778498
2025-01-07 05:00:00,72.43562622655024
2025-01-07 05:15:00,72.85796773182324
2025-01-07 05:30:00,75.67086407023334
2025-01-07 05:45:00,73.41698471448716
2025-01-07 06:00:00,74.38448317887025
2025-01-07 06:15:00,74.58231474159635
2025-01-07 06:30:00,72.55951592935864
2025-01-07 06:45:00,75.86824068766518
2025-01-07 07:00:00,72.9318111142537
2025-01-07 07:15:00,75.28801878977372
2025-01-07 07:30:00,77.39058383969247
2025-01-07 07:45:00,75.21150906695365
2025-01-07 08:00:00,76.10766597580151
2025-01-07 08:15:00,78.64888511332053
2025-01-07 08:30:00,76.2823740546651
2025-01-07 08:45:00,77.48139762250158
2025-01-07 09:00:00,79.06416624643633
2025-01-07 09:15:00,78.27602203832598
2025-01-07 09:30:00,79.44319159065154
2025-01-07 09:45:00,80.27707848843151
2025-01-07 10:00:00,81.28081563353811
2025-01-07 10:15:00,77.02834710801628
2025-01-07 10:30:00,78.5408170083136
2025-01-07 10:45:00,78.53174595949324
2025-01-07 11:00:00,79.12312660141615
2025-01-07 11:15:00,79.59462645284312
2025-01-07 11:30:00,78.13313564562054
2025-01-07 11:45:00,78.36287786109484
2025-01-07 12:00:00,81.649019231537
2025-01-07 12:15:00,81.21384160419272
2025-01-07 12:30:00,77.54085218893879
2025-01-07 12:45:00,79.2132789970848
2025-01-07 13:00:00,78.66469817222227
2025-01-07 13:15:00,80.12771843476452
2025-01-07 13:30:00,79.53038113015334
2025-01-07 13:45:00,80.75158953035668
2025-01-07 14:00:00,80.05358048850552
2025-01-07 14:15:00,78.77440865673091
2025-01-07 14:30:00,78.12029344962012
2025-01-07 14:45:00,76.89033043466475
2025-01-07 15:00:00,79.01377936432468
2025-01-07 15:15:00,75.39834257178794
2025-01-07 15:30:00,78.82538750868697
2025-01-07 15:45:00,78.99739933608545
2025-01-07 16:00:00,76.58547551028808
2025-01-07 16:15:00,78.51155147079278
2025-01-07 16:30:00,81.20696763602808
2025-01-07 16:45:00,80.32913197489366
2025-01-07 17:00:00,76.34932150433501
2025-01-07 17:15:00,75.21021927482087
2025-01-07 17:30:00,74.5075662292171
2025-01-07 17:45:00,74.2239173584222
2025-01-07 18:00:00,76.44359956623558
2025-01-07 18:15:00,73.65176223852838
2025-01-07 18:30:00,77.60335781794635
2025-01-07 18:45:00,72.98408952906107
2025-01-07 19:00:00,77.21591727112992
2025-01-07 19:15:00,74.62864562478711
2025-01-07 19:30:00,75.29982689916483
2025-01-07 19:45:00,76.00750492002916
2025-01-07 20:00:00,76.26090755423142
2025-01-07 20:15:00,73.27031760369697
2025-01-07 20:30:00,72.78309945329748
2025-01-07 20:45:00,73.32415853897089
2025-01-07 21:00:00,73.57080597541203
2025-01-07 21:15:00,73.79409936606915
2025-01-07 21:30:00,71.95185818184872
2025-01-07 21:45:00,73.17235871139343
2025-01-07 22:00:00,72.24357634461936
2025-01-07 22:15:00,69.7659500167755
2025-01-07 22:30:00,67.79039977493257
2025-01-07 22:45:00,70.60936961988756
2025-01-07 23:00:00,70.15530122161464
2025-01-07 23:15:00,71.43197102688532
2025-01-07 23:30:00,69.90808063905614
2025-01-07 23:45:00,70.50794735749834
