Timestamp,HeartRate,Filtered_Value
2025-01-01 00:00:00,69.57592000894758,69.64498214527114
2025-01-01 00:15:00,72.45592431072538,69.79363324420707
2025-01-01 00:30:00,69.45046137059555,69.9334654367512
2025-01-01 00:45:00,68.64351275700129,70.06915763835025
2025-01-01 01:00:00,72.8915884011366,70.20670592882607
2025-01-01 01:15:00,69.4363800683467,70.35296086354292
2025-01-01 01:30:00,71.4882828018569,70.5147225646805
2025-01-01 01:45:00,68.08443176737721,70.69758718140629
2025-01-01 02:00:00,69.74113537043152,70.90490905688459
2025-01-01 02:15:00,72.0092421240058,71.13728701816206
2025-01-01 02:30:00,73.80110858936806,71.39276403888049
2025-01-01 02:45:00,70.63076815842663,71.6675458910874
2025-01-01 03:00:00,72.49839850659424,71.95680747031354
2025-01-01 03:15:00,71.29074035851676,72.25525050443632
2025-01-01 03:30:00,74.27649069147779,72.55736065130296
2025-01-01 03:45:00,70.54845486905671,72.85753145488596
2025-01-01 04:00:00,72.73926522844415,73.15029207532191
2025-01-01 04:15:00,73.34873731921414,73.43083200970673
2025-01-01 04:30:00,74.64711036282134,73.69585692608322
2025-01-01 04:45:00,74.9119911898871,73.94455041442454
2025-01-01 05:00:00,75.7809321741509,74.17920633346618
2025-01-01 05:15:00,72.29940001581635,74.40512201012747
2025-01-01 05:30:00,75.38508160169346,74.62962845672729
2025-01-01 05:45:00,74.91395397383299,74.86050120475271
2025-01-01 06:00:00,74.27030758419912,75.10422741480373
2025-01-01 06:15:00,73.95429126511306,75.36463588166939
2025-01-01 06:30:00,74.92214465173119,75.64228906743587
2025-01-01 06:45:00,75.69497860656459,75.93481249045244
2025-01-01 07:00:00,81.4606352391873,76.23798067907232
2025-01-01 07:15:00,76.13321837107131,76.54702191433
2025-01-01 07:30:00,73.07470613047958,76.85754064500696
2025-01-01 07:45:00,78.30021417781327,77.16582046413272
2025-01-01 08:00:00,76.29989338650296,77.4687574660803
2025-01-01 08:15:00,78.64799027857818,77.76382347669741
2025-01-01 08:30:00,79.43857348012367,78.0492010402916
2025-01-01 08:45:00,79.03991838162149,78.32391015702949
2025-01-01 09:00:00,76.98010931425333,78.58767381777584
2025-01-01 09:15:00,78.1251813526301,78.84046985039875
2025-01-01 09:30:00,78.2573374811837,79.08198095412402
2025-01-01 09:45:00,81.52355662473326,79.3112283914752
2025-01-01 10:00:00,78.6744156308018,79.5264936356968
2025-01-01 10:15:00,80.40191525019743,79.72539106799812
2025-01-01 10:30:00,80.87863834964529,79.90488311710901
2025-01-01 10:45:00,78.63709753131302,80.06116182424856
2025-01-01 11:00:00,79.44029369149374,80.18953362217458
2025-01-01 11:15:00,78.853319321491,80.28459484719356
2025-01-01 11:30:00,80.79494430959832,80.34095448049464
2025-01-01 11:45:00,82.14612005293617,80.35449734514728
2025-01-01 12:00:00,80.56775625392633,80.32380545606784
2025-01-01 12:15:00,81.45493832472836,80.25112286799036
2025-01-01 12:30:00,80.87323795588358,80.14234188935858
2025-01-01 12:45:00,78.74448855524645,80.00586912050032
2025-01-01 13:00:00,79.09476080263032,79.85070754654762
2025-01-01 13:15:00,77.22654814345839,79.68445215329578
2025-01-01 13:30:00,79.95197051749352,79.5119680142809
2025-01-01 13:45:00,79.8869620405187,79.33523306522501
2025-01-01 14:00:00,80.05547183780457,79.1543052349029
2025-01-01 14:15:00,79.37640285703867,78.96889583644918
2025-01-01 14:30:00,78.89795442111149,78.7798403062529
2025-01-01 14:45:00,79.26049822612939,78.5898814380011
2025-01-01 15:00:00,79.12261032892404,78.40346966790129
2025-01-01 15:15:00,78.69321581839797,78.2255964877575
2025-01-01 15:30:00,77.33580540902611,78.05997576199071
2025-01-01 15:45:00,74.00744066351984,77.90717299121332
2025-01-01 16:00:00,77.39229713545602,77.76345338945885
2025-01-01 16:15:00,78.47392224828593,77.62097571748778
2025-01-01 16:30:00,77.97488433898648,77.46941883543253
2025-01-01 16:45:00,79.96049101504856,77.29843140770797
2025-01-01 17:00:00,79.63826767003833,77.09986771415895
2025-01-01 17:15:00,74.90983070134784,76.86888426249473
2025-01-01 17:30:00,75.33356726472105,76.60356997475553
2025-01-01 17:45:00,74.4190772621927,76.30353488720677
2025-01-01 18:00:00,77.25834699243616,75.96834381360354
2025-01-01 18:15:00,75.801573469848,75.59661057383246
2025-01-01 18:30:00,72.267634770835,75.18613603728389
2025-01-01 18:45:00,76.03190298562268,74.7350345791851
2025-01-01 19:00:00,75.9006606624249,74.24349423758464
2025-01-01 19:15:00,75.35890275123363,73.71559402061239
2025-01-01 19:30:00,72.26545463705021,73.16049945666609
2025-01-01 19:45:00,71.90375524973211,72.59253511858387
2025-01-01 20:00:00,72.43946576007129,72.0300536449016
2025-01-01 20:15:00,71.50931141702556,71.49340036173054
2025-01-01 20:30:00,71.49518137241,71.00241166573053
2025-01-01 20:45:00,69.75338256338006,70.57385769433243
2025-01-01 21:00:00,69.75314142682288,70.21920914654663
2025-01-01 21:15:00,68.14309117275366,69.94310402795602
2025-01-01 21:30:00,72.00423002186986,69.74281487579907
2025-01-01 21:45:00,68.61782284979395,69.60880575313088
2025-01-01 22:00:00,71.27607216966331,69.52620387734665
2025-01-01 22:15:00,67.402029595168,69.47686296951977
2025-01-01 22:30:00,69.59600008495411,69.44173323616285
2025-01-01 22:45:00,69.22768058324984,69.40335895451966
2025-01-01 23:00:00,69.87968210337586,69.34833125905169
2025-01-01 23:15:00,69.6312959841083,69.26940028562807
2025-01-01 23:30:00,71.17335027990659,69.1668230967616
2025-01-01 23:45:00,68.22897395659702,69.04853943573528
2025-01-02 00:00:00,68.31530451599973,68.9289783793653
2025-01-02 00:15:00,70.03193127751813,68.82662991034942
2025-01-02 00:30:00,68.77219085392716,68.76081178382272
2025-01-02 00:45:00,69.30133687095929,68.74823172873877
2025-01-02 01:00:00,61.68700379014521,68.80003296582039
2025-01-02 01:15:00,72.63485181393467,68.92002672414476
2025-01-02 01:30:00,70.0508006742101,69.10459250697234
2025-01-02 01:45:00,69.15935971857806,69.34418878733024
2025-01-02 02:00:00,70.04962041248154,69.6258675536998
2025-01-02 02:15:00,69.63905093084973,69.9360130975033
2025-01-02 02:30:00,68.89605254288217,70.26271489576378
2025-01-02 02:45:00,73.8967663722141,70.59741847380862
2025-01-02 03:00:00,72.04506432548895,70.93559866032042
2025-01-02 03:15:00,70.38206412452762,71.27628023232054
2025-01-02 03:30:00,69.98117563064328,71.62049090052018
2025-01-02 03:45:00,71.15086544120503,71.96915426351937
2025-01-02 04:00:00,72.42502272416971,72.32122392694413
2025-01-02 04:15:00,71.32478674199912,72.67277532359286
2025-01-02 04:30:00,73.90176029415578,73.01737585056233
2025-01-02 04:45:00,73.02217256973668,73.34759534490792
2025-01-02 05:00:00,75.14646472167475,73.657170078449
2025-01-02 05:15:00,74.31153883654744,73.94315511108083
2025-01-02 05:30:00,73.09274139332098,74.20741564730878
2025-01-02 05:45:00,77.2400218253381,74.45699575444573
2025-01-02 06:00:00,74.5092008318155,74.70317629783334
2025-01-02 06:15:00,75.01307287870145,74.95932756354397
2025-01-02 06:30:00,73.1346667044727,75.23798388843868
2025-01-02 06:45:00,73.83669115576866,75.54787738463601
2025-01-02 07:00:00,75.73114156488477,75.89177999885683
2025-01-02 07:15:00,77.80282762314015,76.26575030171503
2025-01-02 07:30:00,78.01595158033204,76.65985406558417
2025-01-02 07:45:00,75.40026913235907,77.05995812812606
2025-01-02 08:00:00,77.01051001640656,77.45006127335536
2025-01-02 08:15:00,77.21270154545729,77.81477110507474
2025-01-02 08:30:00,79.98903687443182,78.14166453399693
2025-01-02 08:45:00,80.28745021816916,78.42320817175646
2025-01-02 09:00:00,76.96283229703033,78.65781107567625
2025-01-02 09:15:00,78.64933818084114,78.84968288123066
2025-01-02 09:30:00,81.02195365590809,79.007485819143
2025-01-02 09:45:00,78.00743814099071,79.1420788080119
2025-01-02 10:00:00,79.46174741504993,79.26381975152289
2025-01-02 10:15:00,77.27042541349041,79.37998516657635
2025-01-02 10:30:00,79.11252361830573,79.49292469529571
2025-01-02 10:45:00,78.6588813984489,79.5994801037441
2025-01-02 11:00:00,82.03756489474902,79.69187844476758
2025-01-02 11:15:00,79.33782676049007,79.75986367884228
2025-01-02 11:30:00,77.74439450796174,79.79349112215132
2025-01-02 11:45:00,82.37729356419872,79.78591100521692
2025-01-02 12:00:00,80.97701596409244,79.73552908198057
2025-01-02 12:15:00,79.34461686578733,79.64702478106999
2025-01-02 12:30:00,80.22958636637075,79.53087615197298
2025-01-02 12:45:00,80.2611419382651,79.40138435347707
2025-01-02 13:00:00,77.16671150262889,79.27363405278358
2025-01-02 13:15:00,77.56241521581902,79.1601908851556
2025-01-02 13:30:00,77.63215246176318,79.06848503129925
2025-01-02 13:45:00,78.25677028893838,78.99965451683512
2025-01-02 14:00:00,82.33593940056072,78.94909934147977
2025-01-02 14:15:00,79.18193797437826,78.90832521773193
2025-01-02 14:30:00,78.01689387448195,78.86719773910875
2025-01-02 14:45:00,81.69320880273335,78.81572836014513
2025-01-02 15:00:00,78.01287438134803,78.74489140446754
2025-01-02 15:15:00,78.46130780689637,78.64646596606823
2025-01-02 15:30:00,75.99138737074331,78.51233743779444
2025-01-02 15:45:00,75.97674970610265,78.33398532483697
2025-01-02 16:00:00,78.0365927803596,78.10286386912449
2025-01-02 16:15:00,81.70474261550969,77.81193174758465
2025-01-02 16:30:00,79.19715615320966,77.45788585400096
2025-01-02 16:45:00,74.7268923456877,77.04317026079782
2025-01-02 17:00:00,76.5457255644653,76.57692627924285
2025-01-02 17:15:00,77.20958353368054,76.07457854719604
2025-01-02 17:30:00,75.24485027393428,75.55622921805409
2025-01-02 17:45:00,74.41169755982327,75.04419966078379
2025-01-02 18:00:00,76.88441781961622,74.56005904707344
2025-01-02 18:15:00,72.3137930822267,74.12150933125277
2025-01-02 18:30:00,72.48365778112542,73.73958936259507
2025-01-02 18:45:00,72.84226975414687,73.41675014454394
2025-01-02 19:00:00,73.15110685783486,73.14632047936995
2025-01-02 19:15:00,73.56518724042776,72.91363429730808
2025-01-02 19:30:00,71.42063808283392,72.69870488423665
2025-01-02 19:45:00,72.31722161302135,72.48000018982393
2025-01-02 20:00:00,73.12760737659605,72.23868015481223
2025-01-02 20:15:00,75.08932055829555,71.96253947113448
2025-01-02 20:30:00,70.55923990244936,71.64885263346667
2025-01-02 20:45:00,70.64662135874623,71.30547178915208
2025-01-02 21:00:00,71.69626514425184,70.94992639762792
2025-01-02 21:15:00,72.7976465323453,70.60672273037154
2025-01-02 21:30:00,69.02001770690264,70.30333871718022
2025-01-02 21:45:00,67.76904287255881,70.06560064999961
2025-01-02 22:00:00,68.36501473225472,69.91331838284522
2025-01-02 22:15:00,70.63273568872685,69.8571128694368
2025-01-02 22:30:00,69.0164743327726,69.89707765829506
2025-01-02 22:45:00,72.37119007809393,70.02333844759323
2025-01-02 23:00:00,69.77164289028215,70.21804168799132
2025-01-02 23:15:00,70.82766395427365,70.45807881821918
2025-01-02 23:30:00,69.60802733140227,70.71794979535385
2025-01-02 23:45:00,71.91742816334038,70.97241339431723
2025-01-03 00:00:00,71.39436861949967,71.19876194250797
2025-01-03 00:15:00,71.54146461598886,71.37862279507293
2025-01-03 00:30:00,71.0490138321936,71.49920761806504
2025-01-03 00:45:00,71.7142288862151,71.55399228695569
2025-01-03 01:00:00,70.97046565478934,71.54289664234875
2025-01-03 01:15:00,71.4248931012248,71.47206998959737
2025-01-03 01:30:00,72.00137034020032,71.35334595049491
2025-01-03 01:45:00,72.01674211375953,71.20334620474416
2025-01-03 02:00:00,70.74702949985921,71.04216244556613
2025-01-03 02:15:00,69.5273062186412,70.89159740883392
2025-01-03 02:30:00,72.5157456457994,70.77308218899103
2025-01-03 02:45:00,70.50163060481245,70.70550100569508
2025-01-03 03:00:00,69.94081306980006,70.70318420613226
2025-01-03 03:15:00,70.42228988580122,70.77433350830849
2025-01-03 03:30:00,70.87977114452903,70.92016519846266
2025-01-03 03:45:00,70.20220151876694,71.13503191116409
2025-01-03 04:00:00,71.07063095820575,71.40764676554143
2025-01-03 04:15:00,71.25687026671288,71.72330813740166
2025-01-03 04:30:00,73.6720214590735,72.0667597033158
2025-01-03 04:45:00,73.8822131140976,72.42507200172639
2025-01-03 05:00:00,72.9589014445279,72.78980949853093
2025-01-03 05:15:00,72.90727785567572,73.15787820624477
2025-01-03 05:30:00,74.76969915434009,73.53082846620302
2025-01-03 05:45:00,73.67526468068685,73.91284659981959
2025-01-03 06:00:00,72.13686233975027,74.30803894436312
2025-01-03 06:15:00,73.49381729902149,74.71783047599448
2025-01-03 06:30:00,73.40300402147616,75.1393126194206
2025-01-03 06:45:00,78.09079321011863,75.56508398204674
2025-01-03 07:00:00,76.72045523490571,75.9845673825698
2025-01-03 07:15:00,76.61234943220131,76.3862359670249
2025-01-03 07:30:00,75.97906545083478,76.75996439351795
2025-01-03 07:45:00,77.21733101130947,77.0988904097686
2025-01-03 08:00:00,78.43442013025798,77.40047885707145
2025-01-03 08:15:00,78.83301066834578,77.66668027724994
2025-01-03 08:30:00,77.20300847285952,77.9031774825777
2025-01-03 08:45:00,77.90717562907089,78.11787041846668
2025-01-03 09:00:00,76.03162343313247,78.31899821339826
2025-01-03 09:15:00,77.85224564231002,78.5134756495911
2025-01-03 09:30:00,79.50117565194608,78.70593570778311
2025-01-03 09:45:00,81.71863359739294,78.89860140669084
2025-01-03 10:00:00,77.89093914969196,79.09168236449247
2025-01-03 10:15:00,79.11230637170341,79.28381751645252
2025-01-03 10:30:00,79.59907697597725,79.47226986768969
2025-01-03 10:45:00,79.43775690520303,79.65290674076144
2025-01-03 11:00:00,79.07757928621146,79.82019513716928
2025-01-03 11:15:00,79.13085224995434,79.967441130192
2025-01-03 11:30:00,81.90145253453213,80.08738282261498
2025-01-03 11:45:00,80.03342931505769,80.17307439748427
2025-01-03 12:00:00,80.60621143751267,80.21885214225637
2025-01-03 12:15:00,78.56905935906805,80.22115812158958
2025-01-03 12:30:00,80.67396831994401,80.1791149368333
2025-01-03 12:45:00,81.1695196596727,80.09484965379434
2025-01-03 13:00:00,80.73872840080581,79.97354869421157
2025-01-03 13:15:00,76.82867137506666,79.82316848402509
2025-01-03 13:30:00,80.9359137636382,79.65375752551044
2025-01-03 13:45:00,82.36993564083224,79.47642347879517
2025-01-03 14:00:00,77.77496843312247,79.3019901120331
2025-01-03 14:15:00,78.59784759751311,79.1394029342141
2025-01-03 14:30:00,77.71025671121677,78.99410466081339
2025-01-03 14:45:00,78.91548719374829,78.86681438016255
2025-01-03 15:00:00,78.70759437127008,78.75314900294856
2025-01-03 15:15:00,77.97109507825128,78.64426405750191
2025-01-03 15:30:00,80.03822646613855,78.52834546865657
2025-01-03 15:45:00,79.48636287803892,78.39253594104864
2025-01-03 16:00:00,77.32611220982768,78.22480644002911
2025-01-03 16:15:00,78.11523552489734,78.01540327131984
2025-01-03 16:30:00,77.06430711194447,77.75775128406359
2025-01-03 16:45:00,77.56356067972196,77.44891181729851
2025-01-03 17:00:00,78.0912898331592,77.08975107344368
2025-01-03 17:15:00,75.20001908862123,76.68490009827887
2025-01-03 17:30:00,77.23558528497414,76.24250354597555
2025-01-03 17:45:00,76.02343683459718,75.77372645966085
2025-01-03 18:00:00,74.58194116443737,75.29199553291696
2025-01-03 18:15:00,76.45329703047551,74.81197208089375
2025-01-03 18:30:00,73.62950575251779,74.34830576603142
2025-01-03 18:45:00,72.65834746263687,73.91431328566964
2025-01-03 19:00:00,73.30723102163333,73.52083096103365
2025-01-03 19:15:00,72.31248539332609,73.17551611949085
2025-01-03 19:30:00,73.7026606016129,72.88273077542387
2025-01-03 19:45:00,74.45405661086436,72.64385829949676
2025-01-03 20:00:00,73.92904679687639,72.45765278593882
2025-01-03 20:15:00,70.93494358540312,72.32020940132429
2025-01-03 20:30:00,71.68442865552858,72.22444608928053
2025-01-03 20:45:00,70.7129901654492,72.15943633186825
2025-01-03 21:00:00,71.63176598841434,72.11021563743166
2025-01-03 21:15:00,71.13300986779137,72.05860187641338
2025-01-03 21:30:00,74.7274553730996,71.98518253017424
2025-01-03 21:45:00,70.04383977413997,71.87215800035722
2025-01-03 22:00:00,73.04797925790515,71.7064175165267
2025-01-03 22:15:00,71.88887885410004,71.48216468374676
2025-01-03 22:30:00,71.596536473193,71.20254068671755
2025-01-03 22:45:00,70.7291662469238,70.87989880991312
2025-01-03 23:00:00,71.60820738840484,70.53461454516028
2025-01-03 23:15:00,70.27897155260493,70.19256047245092
2025-01-03 23:30:00,68.15467264499168,69.88161188641537
2025-01-03 23:45:00,69.3125522265431,69.6277457248232
2025-01-04 00:00:00,70.59218749942809,69.45138711449822
2025-01-04 00:15:00,69.68553848018276,69.36458291055766
2025-01-04 00:30:00,66.14983455537238,69.36940231403317
2025-01-04 00:45:00,69.52046949530984,69.45781580351147
2025-01-04 01:00:00,71.30438984473243,69.61317038000824
2025-01-04 01:15:00,67.57546698843704,69.81312559155724
2025-01-04 01:30:00,71.38791475891622,70.03355850198308
2025-01-04 01:45:00,71.95788217869054,70.25266756672785
2025-01-04 02:00:00,72.11543881114962,70.454415609464
2025-01-04 02:15:00,70.33842964276998,70.6305770235116
2025-01-04 02:30:00,68.39705468779687,70.7810253894864
2025-01-04 02:45:00,72.76016313226513,70.91242156745093
2025-01-04 03:00:00,71.06829479456775,71.03586712863788
2025-01-04 03:15:00,69.01648324209967,71.16419890247022
2025-01-04 03:30:00,70.99387398940085,71.30951500850222
2025-01-04 03:45:00,72.07027875489791,71.48138157267113
2025-01-04 04:00:00,71.59091091527979,71.68595812938472
2025-01-04 04:15:00,72.39105749492833,71.92599142408825
2025-01-04 04:30:00,72.41431168847954,72.20139497628927
2025-01-04 04:45:00,71.30177295359681,72.51006733907785
2025-01-04 05:00:00,74.82565279850209,72.84866241056443
2025-01-04 05:15:00,73.50070836244433,73.21310662175014
2025-01-04 05:30:00,72.83219965305442,73.59873602206306
2025-01-04 05:45:00,74.41643835306667,74.00005676397956
2025-01-04 06:00:00,74.24219882062721,74.4103239327712
2025-01-04 06:15:00,70.85448758961002,74.82128708414095
2025-01-04 06:30:00,78.38411107256385,75.22344689846126
2025-01-04 06:45:00,76.43226434383628,75.60695783911576
2025-01-04 07:00:00,74.79953031795283,75.96298369817278
2025-01-04 07:15:00,76.56520408054234,76.28509186052298
2025-01-04 07:30:00,77.41242629682195,76.57030565875668
2025-01-04 07:45:00,75.94551880609654,76.81960898221303
2025-01-04 08:00:00,78.49436628694146,77.03783234088802
2025-01-04 08:15:00,76.21426265944575,77.23292849670632
2025-01-04 08:30:00,77.47379566154822,77.414732934117
2025-01-04 08:45:00,78.2536764929802,77.59340126833601
2025-01-04 09:00:00,77.16492050251556,77.77778171929693
2025-01-04 09:15:00,77.07144249240478,77.97400232518531
2025-01-04 09:30:00,77.26107693320417,78.18453637704798
2025-01-04 09:45:00,80.58527860031141,78.40792863329662
2025-01-04 10:00:00,78.01078432547331,78.63919191623266
2025-01-04 10:15:00,78.88566457937121,78.87069910889515
2025-01-04 10:30:00,78.59270968755382,79.09333908361175
2025-01-04 10:45:00,79.26626754534784,79.29778444348443
2025-01-04 11:00:00,80.13381838812184,79.47579610483503
2025-01-04 11:15:00,78.86013269125631,79.62147533210302
2025-01-04 11:30:00,79.55996052309222,79.73231279044495
2025-01-04 11:45:00,81.22360820151148,79.80984225993463
2025-01-04 12:00:00,79.32466832903653,79.85968970694594
2025-01-04 12:15:00,81.51171082064175,79.8908230076427
2025-01-04 12:30:00,80.57398410024786,79.91390758224506
2025-01-04 12:45:00,78.56712092168895,79.9389000363512
2025-01-04 13:00:00,79.56966040506292,79.97232887179122
2025-01-04 13:15:00,77.32061729493584,80.01498969486619
2025-01-04 13:30:00,80.81327902714871,80.0608417439906
2025-01-04 13:45:00,79.389958960105,80.09762488627085
2025-01-04 14:00:00,79.22789867417508,80.10920047429482
2025-01-04 14:15:00,82.20388476262113,80.07906738590613
2025-01-04 14:30:00,81.97318883263034,79.99409987876925
2025-01-04 14:45:00,82.04255467233207,79.84740864735852
2025-01-04 15:00:00,78.48270140292863,79.63944360132022
2025-01-04 15:15:00,78.76207244030995,79.37705809301822
2025-01-04 15:30:00,75.8660179223591,79.07101491674553
2025-01-04 15:45:00,82.0047107781838,78.732933613925
2025-01-04 16:00:00,74.93811920549027,78.37270814608333
2025-01-04 16:15:00,77.76934000727469,77.99707114356906
2025-01-04 16:30:00,77.54251858007636,77.60952393852939
2025-01-04 16:45:00,80.18266626350932,77.21143248735682
2025-01-04 17:00:00,76.94538283835048,76.80373703107286
2025-01-04 17:15:00,75.04360946422739,76.38856724842063
2025-01-04 17:30:00,76.3840498736588,75.97022465514881
2025-01-04 17:45:00,75.42840554552286,75.55535452804429
2025-01-04 18:00:00,76.72355388422866,75.15238940098871
2025-01-04 18:15:00,73.40019168613203,74.77041243470794
2025-01-04 18:30:00,75.30678849848458,74.41760888614888
2025-01-04 18:45:00,73.40285126084703,74.09956401435981
2025-01-04 19:00:00,72.78846974072178,73.81777703023246
2025-01-04 19:15:00,73.85654540646794,73.56879211629497
2025-01-04 19:30:00,71.46094626210902,73.34425314884804
2025-01-04 19:45:00,75.70397632139598,73.13197559518399
2025-01-04 20:00:00,72.48334898960015,72.91785448471748
2025-01-04 20:15:00,71.88715393935048,72.6882092642511
2025-01-04 20:30:00,73.22079943638687,72.43211003906666
2025-01-04 20:45:00,72.07251898455897,72.14331101078125
2025-01-04 21:00:00,72.75294226525787,71.82151432955072
2025-01-04 21:15:00,71.67675099881582,71.47275294141927
2025-01-04 21:30:00,72.25030492730612,71.10878336568133
2025-01-04 21:45:00,67.77275496048686,70.74557517156879
2025-01-04 22:00:00,71.03575879416,70.4012209438846
2025-01-04 22:15:00,70.83379997575574,70.09372891643157
2025-01-04 22:30:00,69.4032278889356,69.83909772965075
2025-01-04 22:45:00,68.70601784152684,69.64987853842004
2025-01-04 23:00:00,69.54956490713812,69.53426836427857
2025-01-04 23:15:00,71.46920716193877,69.49569206447315
2025-01-04 23:30:00,68.95219954350918,69.53275392269593
2025-01-04 23:45:00,68.55599845417883,69.63939755147565
2025-01-05 00:00:00,71.36786303456398,69.80518563687123
2025-01-05 00:15:00,69.1066731104299,70.01575460428172
2025-01-05 00:30:00,69.36338327166301,70.25359055242043
2025-01-05 00:45:00,69.4451360423508,70.49927272361224
2025-01-05 01:00:00,72.53090988975262,70.7332469519849
2025-01-05 01:15:00,70.66995673330858,70.93800923149838
2025-01-05 01:30:00,71.81917689473255,71.10036182704633
2025-01-05 01:45:00,70.93101731703271,71.21330866201404
2025-01-05 02:00:00,69.97797844489234,71.27724917473911
2025-01-05 02:15:00,73.15069410426281,71.30029688889863
2025-01-05 02:30:00,72.65548533105695,71.29764768370677
2025-01-05 02:45:00,69.52413444961974,71.28995819654236
2025-01-05 03:00:00,72.05637968357546,71.30079598954745
2025-01-05 03:15:00,71.86935422818469,71.35343755832498
2025-01-05 03:30:00,69.40757042726041,71.46749879144834
2025-01-05 03:45:00,72.51768128324659,71.65596754565138
2025-01-05 04:00:00,70.83985613331849,71.92316524092965
2025-01-05 04:15:00,72.22200222771276,72.26402165061413
2025-01-05 04:30:00,71.6570439366639,72.66482567125779
2025-01-05 04:45:00,73.2507256050338,73.1053549083335
2025-01-05 05:00:00,75.40536953605992,73.56202239391396
2025-01-05 05:15:00,73.77394193598123,74.01145010412287
2025-01-05 05:30:00,74.70018706202619,74.43378023915048
2025-01-05 05:45:00,74.63972476025025,74.81514132514151
2025-01-05 06:00:00,75.87248084409224,75.14893376162678
2025-01-05 06:15:00,75.90636263072037,75.43584165293844
2025-01-05 06:30:00,75.52047183655141,75.6826521430295
2025-01-05 06:45:00,76.59846389117844,75.90012025977927
2025-01-05 07:00:00,73.74797200303,76.10029683983578
2025-01-05 07:15:00,76.89857795382612,76.29389075265857
2025-01-05 07:30:00,76.25435405251662,76.48826596454451
2025-01-05 07:45:00,75.09498372977743,76.68652774315971
2025-01-05 08:00:00,76.99314098936185,76.88788046158493
2025-01-05 08:15:00,76.82837066562182,77.08912636539283
2025-01-05 08:30:00,80.26800208389412,77.28686039543476
2025-01-05 08:45:00,77.76676247904676,77.4796638166096
2025-01-05 09:00:00,76.83444936195605,77.6695614380872
2025-01-05 09:15:00,78.2234757490014,77.86227795374977
2025-01-05 09:30:00,78.32588698708541,78.06626982217783
2025-01-05 09:45:00,77.4958820155436,78.29086107702808
2025-01-05 10:00:00,77.9814430292375,78.54395772975973
2025-01-05 10:15:00,78.73630781958236,78.82981010917871
2025-01-05 10:30:00,82.12461064260408,79.1471999802649
2025-01-05 10:45:00,77.23372145431816,79.48830688479056
2025-01-05 11:00:00,77.11350122172605,79.83846599040606
2025-01-05 11:15:00,79.40509025641165,80.17708651231735
2025-01-05 11:30:00,82.68475633643729,80.47993802580675
2025-01-05 11:45:00,80.45206105267901,80.72263005465093
2025-01-05 12:00:00,83.07705896753542,80.88457994400046
2025-01-05 12:15:00,80.9331874091492,80.95248801124222
2025-01-05 12:30:00,81.01202385452851,80.92250051973595
2025-01-05 12:45:00,80.5047020186303,80.80068587171768
2025-01-05 13:00:00,80.24852671055204,80.60191471150507
2025-01-05 13:15:00,80.94388756884642,80.34754149354904
2025-01-05 13:30:00,79.60645779223667,80.0623940298974
2025-01-05 13:45:00,79.73441675505717,79.7715634316661
2025-01-05 14:00:00,77.61561359500485,79.49744196832046
2025-01-05 14:15:00,80.3675986692722,79.25739227450374
2025-01-05 14:30:00,78.87590220597768,79.06229220777307
2025-01-05 14:45:00,80.41541173215614,78.9159819226692
2025-01-05 15:00:00,77.81097141780461,78.81545784992576
2025-01-05 15:15:00,77.60672650017712,78.75163524802454
2025-01-05 15:30:00,78.44644315199433,78.71060416723708
2025-01-05 15:45:00,80.49297322247678,78.6753573662853
2025-01-05 16:00:00,77.42705733886727,78.62786398676663
2025-01-05 16:15:00,79.67358704689137,78.55119816175463
2025-01-05 16:30:00,79.0292205669618,78.43137982406033
2025-01-05 16:45:00,76.73928543735077,78.25868617301671
2025-01-05 17:00:00,77.83542330219345,78.02835747400731
2025-01-05 17:15:00,78.4223637279739,77.7407410266396
2025-01-05 17:30:00,78.47838517254571,77.40092056518594
2025-01-05 17:45:00,78.5579779502423,77.01780287286978
2025-01-05 18:00:00,75.08591238022055,76.60264581811327
2025-01-05 18:15:00,74.2283316747739,76.16723175595924
2025-01-05 18:30:00,74.85776062324729,75.72219422439389
2025-01-05 18:45:00,74.86391742542266,75.27609805884035
2025-01-05 19:00:00,76.0753571009491,74.83558059667253
2025-01-05 19:15:00,75.49952510821464,74.40632941567462
2025-01-05 19:30:00,75.0821172124587,73.9942390238337
2025-01-05 19:45:00,74.03598112559696,73.60600810804769
2025-01-05 20:00:00,74.47037543915576,73.24873012257262
2025-01-05 20:15:00,70.04356842439795,72.92853338733693
2025-01-05 20:30:00,71.46193093623957,72.64882176591972
2025-01-05 20:45:00,71.24356664664687,72.40893193438772
2025-01-05 21:00:00,72.33014903663341,72.20389104043188
2025-01-05 21:15:00,74.55353159504878,72.02545062043517
2025-01-05 21:30:00,72.23447831975541,71.8639672233987
2025-01-05 21:45:00,72.47620560827004,71.71036436632929
2025-01-05 22:00:00,70.67846830003528,71.55752239744687
2025-01-05 22:15:00,70.45657932647167,71.40086740995294
2025-01-05 22:30:00,70.09945340893206,71.2383472517435
2025-01-05 22:45:00,73.47798115436127,71.07013613602437
2025-01-05 23:00:00,70.26313214124494,70.8982768643152
2025-01-05 23:15:00,70.62587694378114,70.72624927635789
2025-01-05 23:30:00,71.6693918361572,70.55837179593638
2025-01-05 23:45:00,69.20437195901131,70.39904435106862
2025-01-06 00:00:00,69.28785948410041,70.25200030040251
2025-01-06 00:15:00,70.99107998889913,70.11982492566162
2025-01-06 00:30:00,69.5163334359028,70.00396147338594
2025-01-06 00:45:00,69.63613802474329,69.90527706688712
2025-01-06 01:00:00,70.14179614743264,69.8250857767714
2025-01-06 01:15:00,68.32984192028734,69.76640013932216
2025-01-06 01:30:00,72.29386356821709,69.73509437329302
2025-01-06 01:45:00,71.06152809844984,69.74058570001247
2025-01-06 02:00:00,68.1851502940264,69.79563920509067
2025-01-06 02:15:00,69.58352487793073,69.91508223225028
2025-01-06 02:30:00,70.75969423057599,70.11353722308253
2025-01-06 02:45:00,71.40735985202899,70.40253801969249
2025-01-06 03:00:00,69.55064301656252,70.78746335389177
2025-01-06 03:15:00,73.19755232775225,71.26471875093542
2025-01-06 03:30:00,70.05574313691228,71.81967168129245
2025-01-06 03:45:00,69.73761225915982,72.42597647952667
2025-01-06 04:00:00,72.54183404059407,73.0469754428405
2025-01-06 04:15:00,71.58238278758417,73.63966366159556
2025-01-06 04:30:00,71.65106243409811,74.16115410551893
2025-01-06 04:45:00,76.486988901832,74.57673203369218
2025-01-06 05:00:00,88.41429488502271,74.86766207475183
2025-01-06 05:15:00,73.26149671139358,75.03632258626898
2025-01-06 05:30:00,73.16932997322148,75.10658945231741
2025-01-06 05:45:00,73.6979371383732,75.11891292834557
2025-01-06 06:00:00,73.63324357529464,75.12149540496634
2025-01-06 06:15:00,72.28076280914746,75.16020985143311
2025-01-06 06:30:00,72.1175849748666,75.26992233841555
2025-01-06 06:45:00,78.46826187692074,75.46906459414267
2025-01-06 07:00:00,74.93864192346442,75.75816299118719
2025-01-06 07:15:00,75.8691009947483,76.12194879321942
2025-01-06 07:30:00,78.25943994532547,76.53395844456583
2025-01-06 07:45:00,77.55895671433672,76.96228979179146
2025-01-06 08:00:00,78.24035936138125,77.3752722534473
2025-01-06 08:15:00,78.41739152151007,77.74608640662218
2025-01-06 08:30:00,77.26037493253348,78.05577706732117
2025-01-06 08:45:00,78.27534870528046,78.29456618714674
2025-01-06 09:00:00,76.47454413086595,78.46174592185501
2025-01-06 09:15:00,80.76844298256786,78.56459622863349
2025-01-06 09:30:00,78.41390968008307,78.61670602820287
2025-01-06 09:45:00,78.90303704435827,78.63590418041524
2025-01-06 10:00:00,78.1567635286004,78.64191626921867
2025-01-06 10:15:00,76.80827101594512,78.65392973542609
2025-01-06 10:30:00,80.61428321117528,78.68835077903734
2025-01-06 10:45:00,79.53024366116541,78.757013090791
2025-01-06 11:00:00,77.38834105244828,78.86596672531748
2025-01-06 11:15:00,78.34823555081665,79.0148987488943
2025-01-06 11:30:00,78.24641527055635,79.19727516240101
2025-01-06 11:45:00,80.5127864009348,79.40129060242508
2025-01-06 12:00:00,80.90937468418367,79.61152796878005
2025-01-06 12:15:00,79.36668741593637,79.81096939672746
2025-01-06 12:30:00,80.16226257602386,79.98289719294823
2025-01-06 12:45:00,81.02258264785152,80.1123640916813
2025-01-06 13:00:00,78.52716602923425,80.18717054811943
2025-01-06 13:15:00,79.61095840852505,80.19849777143337
2025-01-06 13:30:00,80.89015627169854,80.14142484126994
2025-01-06 13:45:00,78.70248594794481,80.01548002358926
2025-01-06 14:00:00,81.24708753110785,79.82517181037821
2025-01-06 14:15:00,81.5321408872953,79.58022680205156
2025-01-06 14:30:00,77.74604912830968,79.29516558629801
2025-01-06 14:45:00,80.14552673859154,78.98795619685554
2025-01-06 15:00:00,79.5671240364016,78.67777071658485
2025-01-06 15:15:00,76.04997250819987,78.38220227940886
2025-01-06 15:30:00,77.40061543613912,78.11454793869238
2025-01-06 15:45:00,75.80210745540825,77.88185037391938
2025-01-06 16:00:00,79.15668011762502,77.68423206192816
2025-01-06 16:15:00,79.68055128363342,77.51562482469852
2025-01-06 16:30:00,77.55332660933371,77.36549356018722
2025-01-06 16:45:00,76.05097207921912,77.22090988893157
2025-01-06 17:00:00,75.35319060644366,77.06848895118014
2025-01-06 17:15:00,79.79438915079004,76.89603260816129
2025-01-06 17:30:00,76.0999477078272,76.69388725660994
2025-01-06 17:45:00,75.39981112497078,76.45597111437155
2025-01-06 18:00:00,77.34819112614481,76.18036912512636
2025-01-06 18:15:00,75.0186345434508,75.86945096800795
2025-01-06 18:30:00,76.07996236001055,75.52954321398427
2025-01-06 18:45:00,74.82538586468407,75.17019819798729
2025-01-06 19:00:00,75.99543017483464,74.80308659821686
2025-01-06 19:15:00,74.68326498142365,74.44055386322684
2025-01-06 19:30:00,73.43970419180971,74.0939539113477
2025-01-06 19:45:00,72.30110633606347,73.77201569936636
2025-01-06 20:00:00,72.69168144305479,73.47963707906518
2025-01-06 20:15:00,73.09247404411481,73.21748420188788
2025-01-06 20:30:00,75.2181605699191,72.9825193023215
2025-01-06 20:45:00,73.16583920138841,72.76920483816374
2025-01-06 21:00:00,71.46632879456298,72.57089903221902
2025-01-06 21:15:00,72.08916493532722,72.38102677497857
2025-01-06 21:30:00,74.1180192565442,72.1938693374143
2025-01-06 21:45:00,70.99772728017304,72.00502721137096
2025-01-06 22:00:00,68.98678695837188,71.81168967633101
2025-01-06 22:15:00,73.39447435822363,71.61285770469792
2025-01-06 22:30:00,72.00491719967584,71.40959861205496
2025-01-06 22:45:00,72.23152620209194,71.20521016647454
2025-01-06 23:00:00,71.47867929060378,71.00497926475084
2025-01-06 23:15:00,71.08599904726275,70.81526819647735
2025-01-06 23:30:00,69.06610734507393,70.64197407868394
2025-01-06 23:45:00,69.40358379637641,70.48877924550605
2025-01-07 00:00:00,71.13034001567702,70.35581099179528
2025-01-07 00:15:00,68.25661348933278,70.23924657569655
2025-01-07 00:30:00,71.3319748736661,70.13208857073936
2025-01-07 00:45:00,71.88734866761988,70.02596193379902
2025-01-07 01:00:00,67.4500813845771,69.91350712158655
2025-01-07 01:15:00,69.58772722321069,69.79084867075053
2025-01-07 01:30:00,70.83076674105587,69.65966571506458
2025-01-07 01:45:00,72.61808152979835,69.52842989739985
2025-01-07 02:00:00,68.94253045981492,69.41236626154489
2025-01-07 02:15:00,68.57305879683229,69.331827840328
2025-01-07 02:30:00,68.90779584408621,69.30919400190002
2025-01-07 02:45:00,69.533077558344,69.36491169130588
2025-01-07 03:00:00,67.36285238238003,69.51357881921786
2025-01-07 03:15:00,70.83869697156368,69.76092580326305
2025-01-07 03:30:00,68.07423880582063,70.10230113436998
2025-01-07 03:45:00,71.43436752061358,70.5229281569608
2025-01-07 04:00:00,71.3031000327066,70.99983816116084
2025-01-07 04:15:00,71.76401448946939,71.50506721225366
2025-01-07 04:30:00,71.84775456628671,72.00950944776261
2025-01-07 04:45:00,73.43869394778498,72.48678835097948
2025-01-07 05:00:00,72.43562622655024,72.91660323700428
2025-01-07 05:15:00,72.85796773182324,73.28715229144156
2025-01-07 05:30:00,75.67086407023334,73.59636930472955
2025-01-07 05:45:00,73.41698471448716,73.85182244031975
2025-01-07 06:00:00,74.38448317887025,74.06924192151943
2025-01-07 06:15:00,74.58231474159635,74.26982848108787
2025-01-07 06:30:00,72.55951592935864,74.47674004127873
2025-01-07 06:45:00,75.86824068766518,74.71135760549
2025-01-07 07:00:00,72.9318111142537,74.9899874672351
2025-01-07 07:15:00,75.28801878977372,75.32153932533376
2025-01-07 07:30:00,77.39058383969247,75.70647307832277
2025-01-07 07:45:00,75.21150906695365,76.13701495687839
2025-01-07 08:00:00,76.10766597580151,76.59841629727401
2025-01-07 08:15:00,78.64888511332053,77.07094447131797
2025-01-07 08:30:00,76.2823740546651,77.53232372972104
2025-01-07 08:45:00,77.48139762250158,77.96039150351857
2025-01-07 09:00:00,79.06416624643633,78.33575754522198
2025-01-07 09:15:00,78.27602203832598,78.644235031216
2025-01-07 09:30:00,79.44319159065154,78.87874559166136
2025-01-07 09:45:00,80.27707848843151,79.04033170535547
2025-01-07 10:00:00,81.28081563353811,79.13793077852739
2025-01-07 10:15:00,77.02834710801628,79.18674757275318
2025-01-07 10:30:00,78.5408170083136,79.20541830493306
2025-01-07 10:45:00,78.53174595949324,79.21256849417699
2025-01-07 11:00:00,79.12312660141615,79.22358185457503
2025-01-07 11:15:00,79.59462645284312,79.24827732922915
2025-01-07 11:30:00,78.13313564562054,79.28985743011734
2025-01-07 11:45:00,78.36287786109484,79.34516487076316
2025-01-07 12:00:00,81.649019231537,79.40604553544505
2025-01-07 12:15:00,81.21384160419272,79.46141853677156
2025-01-07 12:30:00,77.54085218893879,79.49953000145382
2025-01-07 12:45:00,79.2132789970848,79.50994904170312
2025-01-07 13:00:00,78.66469817222227,79.48513978472971
2025-01-07 13:15:00,80.12771843476452,79.42165903198003
2025-01-07 13:30:00,79.53038113015334,79.3209827728376
2025-01-07 13:45:00,80.75158953035668,79.18975067851278
2025-01-07 14:00:00,80.05358048850552,79.03908606523613
2025-01-07 14:15:00,78.77440865673091,78.88275841483791
2025-01-07 14:30:00,78.12029344962012,78.73430178100477
2025-01-07 14:45:00,76.89033043466475,78.603646277167
2025-01-07 15:00:00,79.01377936432468,78.49414510702373
2025-01-07 15:15:00,75.39834257178794,78.40091424491075
2025-01-07 15:30:00,78.82538750868697,78.31112533247487
2025-01-07 15:45:00,78.99739933608545,78.20640775214599
2025-01-07 16:00:00,76.58547551028808,78.06696316533919
2025-01-07 16:15:00,78.51155147079278,77.87651951949337
2025-01-07 16:30:00,81.20696763602808,77.62695635730557
2025-01-07 16:45:00,80.32913197489366,77.32135730207214
2025-01-07 17:00:00,76.34932150433501,76.97446794460659
2025-01-07 17:15:00,75.21021927482087,76.61018200872475
2025-01-07 17:30:00,74.5075662292171,76.25663324283734
2025-01-07 17:45:00,74.2239173584222,75.9402739028715
2025-01-07 18:00:00,76.44359956623558,75.68053678338235
2025-01-07 18:15:00,73.65176223852838,75.48628257816901
2025-01-07 18:30:00,77.60335781794635,75.35455336415554
2025-01-07 18:45:00,72.98408952906107,75.27153488789187
2025-01-07 19:00:00,77.21591727112992,75.21523928240772
2025-01-07 19:15:00,74.62864562478711,75.15924393906883
2025-01-07 19:30:00,75.29982689916483,75.07678419766367
2025-01-07 19:45:00,76.00750492002916,74.94454374341305
2025-01-07 20:00:00,76.26090755423142,74.74560314283262
2025-01-07 20:15:00,73.27031760369697,74.47120344541702
2025-01-07 20:30:00,72.78309945329748,74.12126821082495
2025-01-07 20:45:00,73.32415853897089,73.70393588205712
2025-01-07 21:00:00,73.57080597541203,73.2345068061218
2025-01-07 21:15:00,73.79409936606915,72.73408664517557
2025-01-07 21:30:00,71.95185818184872,72.22792997653015
2025-01-07 21:45:00,73.17235871139343,71.74330596839881
2025-01-07 22:00:00,72.24357634461936,71.30675877970792
2025-01-07 22:15:00,69.7659500167755,70.94088375405235
2025-01-07 22:30:00,67.79039977493257,70.66108128372201
2025-01-07 22:45:00,70.60936961988756,70.47302788465498
2025-01-07 23:00:00,70.15530122161464,70.37160742877148
2025-01-07 23:15:00,71.43197102688532,70.34168154914816
2025-01-07 23:30:00,69.90808063905614,70.3605402792932
2025-01-07 23:45:00,70.50794735749834,70.40148116857084
